<?xml version="1.0" encoding="UTF-8"?>
<configuration>
    <appender name="CONSOLE" class="ch.qos.logback.core.ConsoleAppender">
        <layout class="ch.qos.logback.classic.PatternLayout">
			<encoder class="ch.qos.logback.classic.encoder.PatternLayoutEncoder">
				<charset>UTF-8</charset>            
				<outputPatternAsHeader>true</outputPatternAsHeader>
					<Pattern>
						%d{HH:mm:ss.SSS} [%t] %-5level %logger{36} - %msg%n
					</Pattern>
			</encoder>
        </layout>
    </appender>

    <logger name="my.practice.assignment" level="all" additivity="false">
        <appender-ref ref="CONSOLE"/>
    </logger>

    <root level="all">
        <appender-ref ref="CONSOLE"/>
    </root>

</configuration>